beta_hat,se,ci_low,ci_high,seed,failed,dgp,estimator,dgp_label,est_label,beta0
0.8137542544156295,0.44300911724173514,-0.05454361537817132,1.6820521242094304,0,False,dgp2,dml_lasso,Quadratic + linear,DML-LASSO,0.5
0.47594911643246773,0.41048168925266426,-0.3285949945027542,1.2804932273676897,1,False,dgp2,dml_lasso,Quadratic + linear,DML-LASSO,0.5
0.31984984402577,0.3965990811004411,-0.45748435493109463,1.0971840429826347,2,False,dgp2,dml_lasso,Quadratic + linear,DML-LASSO,0.5
0.4972729306134672,0.41194953359659586,-0.3101481552358607,1.3046940164627951,3,False,dgp2,dml_lasso,Quadratic + linear,DML-LASSO,0.5
0.39417894675437654,0.3660295808565526,-0.3232390317244666,1.1115969252332196,4,False,dgp2,dml_lasso,Quadratic + linear,DML-LASSO,0.5
0.21673850262679156,0.3973549579626489,-0.5620772149800002,0.9955542202335834,5,False,dgp2,dml_lasso,Quadratic + linear,DML-LASSO,0.5
0.38788738625793623,0.3403302526658876,-0.2791599089672035,1.054934681483076,6,False,dgp2,dml_lasso,Quadratic + linear,DML-LASSO,0.5
0.5738892318386155,0.4105556181852276,-0.23079977980443056,1.3785782434816616,7,False,dgp2,dml_lasso,Quadratic + linear,DML-LASSO,0.5
-0.03540553466367263,0.33989925958251516,-0.7016080834454024,0.630797014118057,8,False,dgp2,dml_lasso,Quadratic + linear,DML-LASSO,0.5
0.18181509387138037,0.4360706472900324,-0.6728833748170832,1.0365135625598438,9,False,dgp2,dml_lasso,Quadratic + linear,DML-LASSO,0.5
0.19606417623707323,0.35959877975896226,-0.5087494320904928,0.9008777845646392,10,False,dgp2,dml_lasso,Quadratic + linear,DML-LASSO,0.5
0.2235592609425957,0.3375862149858354,-0.4381097204296417,0.8852282423148331,11,False,dgp2,dml_lasso,Quadratic + linear,DML-LASSO,0.5
0.350654544186044,0.39448121970863964,-0.4225286464428897,1.1238377348149777,12,False,dgp2,dml_lasso,Quadratic + linear,DML-LASSO,0.5
0.8376134548408051,0.31799558660435606,0.21434210509626717,1.4608848045853429,13,False,dgp2,dml_lasso,Quadratic + linear,DML-LASSO,0.5
0.9112722996876093,0.35113826781594976,0.22304129476834778,1.5995033046068707,14,False,dgp2,dml_lasso,Quadratic + linear,DML-LASSO,0.5
0.05302874053205956,0.3115949157138237,-0.557697294267035,0.663754775331154,15,False,dgp2,dml_lasso,Quadratic + linear,DML-LASSO,0.5
0.06425670036256002,0.40036511894808274,-0.7204589327756821,0.8489723335008021,16,False,dgp2,dml_lasso,Quadratic + linear,DML-LASSO,0.5
0.20748994425410952,0.4114357331847383,-0.5989240927879775,1.0139039812961965,17,False,dgp2,dml_lasso,Quadratic + linear,DML-LASSO,0.5
0.789935247621666,0.4507870169200357,-0.0936073055416039,1.6734778007849358,18,False,dgp2,dml_lasso,Quadratic + linear,DML-LASSO,0.5
0.07296397292242023,0.38593097649294045,-0.6834607410037431,0.8293886868485835,19,False,dgp2,dml_lasso,Quadratic + linear,DML-LASSO,0.5
-0.17407708290809207,0.3202011258177756,-0.8016712895109323,0.45351712369474806,20,False,dgp2,dml_lasso,Quadratic + linear,DML-LASSO,0.5
-0.020521842296050613,0.395408782579346,-0.7955230561515687,0.7544793715594675,21,False,dgp2,dml_lasso,Quadratic + linear,DML-LASSO,0.5
0.6045177423159354,0.3364740597841866,-0.05497141486107038,1.2640068994929412,22,False,dgp2,dml_lasso,Quadratic + linear,DML-LASSO,0.5
1.0146719172072298,0.39612343737730127,0.23826997994771937,1.7910738544667404,23,False,dgp2,dml_lasso,Quadratic + linear,DML-LASSO,0.5
0.3745182159585625,0.35063673521710104,-0.3127297850669555,1.0617662169840805,24,False,dgp2,dml_lasso,Quadratic + linear,DML-LASSO,0.5
1.2462719879676105,0.42692608657935105,0.4094968582720825,2.0830471176631384,25,False,dgp2,dml_lasso,Quadratic + linear,DML-LASSO,0.5
0.891874060970489,0.43903374416593177,0.03136792240526276,1.7523801995357153,26,False,dgp2,dml_lasso,Quadratic + linear,DML-LASSO,0.5
-0.002823333608943843,0.4588966428029026,-0.9022607535026329,0.8966140862847453,27,False,dgp2,dml_lasso,Quadratic + linear,DML-LASSO,0.5
1.0086694132509755,0.4442764351704248,0.13788760031694292,1.879451226185008,28,False,dgp2,dml_lasso,Quadratic + linear,DML-LASSO,0.5
1.069613632424308,0.46496533611027335,0.1582815736481722,1.9809456912004437,29,False,dgp2,dml_lasso,Quadratic + linear,DML-LASSO,0.5
0.5198890300132256,0.3775648571367394,-0.22013808997478357,1.2599161500012348,30,False,dgp2,dml_lasso,Quadratic + linear,DML-LASSO,0.5
0.45291054172365525,0.3614614524375319,-0.25555390505390735,1.161374988501218,31,False,dgp2,dml_lasso,Quadratic + linear,DML-LASSO,0.5
0.29134296570506024,0.36620033173733313,-0.42640968450011263,1.0090956159102331,32,False,dgp2,dml_lasso,Quadratic + linear,DML-LASSO,0.5
0.638916345354675,0.34040442230435797,-0.028276322361866613,1.3061090130712167,33,False,dgp2,dml_lasso,Quadratic + linear,DML-LASSO,0.5
0.11166613991661367,0.3805067536333293,-0.6341270972047117,0.8574593770379391,34,False,dgp2,dml_lasso,Quadratic + linear,DML-LASSO,0.5
0.5897735909651515,0.36561384415279463,-0.12682954357432596,1.306376725504629,35,False,dgp2,dml_lasso,Quadratic + linear,DML-LASSO,0.5
0.9112458987456898,0.3309594350363541,0.2625654060744358,1.559926391416944,36,False,dgp2,dml_lasso,Quadratic + linear,DML-LASSO,0.5
0.6000948380213339,0.41890529059689086,-0.22095953154857217,1.42114920759124,37,False,dgp2,dml_lasso,Quadratic + linear,DML-LASSO,0.5
0.1504847938208829,0.3455952653049893,-0.5268819261768961,0.8278515138186618,38,False,dgp2,dml_lasso,Quadratic + linear,DML-LASSO,0.5
0.5879512504137133,0.3369055783032137,-0.07238368306058551,1.2482861838880122,39,False,dgp2,dml_lasso,Quadratic + linear,DML-LASSO,0.5
0.876073350290545,0.3529270094508503,0.18433641176687843,1.5678102888142116,40,False,dgp2,dml_lasso,Quadratic + linear,DML-LASSO,0.5
1.034495665669815,0.37694420848633564,0.2956850170365971,1.7733063143030328,41,False,dgp2,dml_lasso,Quadratic + linear,DML-LASSO,0.5
0.7851173985948476,0.34148127901657427,0.11581409172236212,1.4544207054673333,42,False,dgp2,dml_lasso,Quadratic + linear,DML-LASSO,0.5
0.017265390834742655,0.3354510209846703,-0.6402186102952111,0.6747493919646964,43,False,dgp2,dml_lasso,Quadratic + linear,DML-LASSO,0.5
0.7405087645537047,0.42159804704883097,-0.08582340766200391,1.5668409367694134,44,False,dgp2,dml_lasso,Quadratic + linear,DML-LASSO,0.5
0.8105850125943657,0.40564935425320564,0.015512278258082657,1.6056577469306488,45,False,dgp2,dml_lasso,Quadratic + linear,DML-LASSO,0.5
0.8423057844061556,0.49244831703347325,-0.12289291697945204,1.807504485791763,46,False,dgp2,dml_lasso,Quadratic + linear,DML-LASSO,0.5
0.3207045164796409,0.3705787500777036,-0.4056298336726581,1.04703886663194,47,False,dgp2,dml_lasso,Quadratic + linear,DML-LASSO,0.5
0.7291307427620698,0.42366954899416137,-0.10126157326648644,1.5595230587906261,48,False,dgp2,dml_lasso,Quadratic + linear,DML-LASSO,0.5
0.08466381722839135,0.47432285726094137,-0.8450089830030537,1.0143366174598365,49,False,dgp2,dml_lasso,Quadratic + linear,DML-LASSO,0.5
0.5658266847572838,0.38775799496783814,-0.19417898537967893,1.3258323548942466,50,False,dgp2,dml_lasso,Quadratic + linear,DML-LASSO,0.5
-0.49114411186853274,0.33922337899548355,-1.1560219346996805,0.17373371096261497,51,False,dgp2,dml_lasso,Quadratic + linear,DML-LASSO,0.5
0.6898967942723336,0.357903075250384,-0.011593233218418986,1.3913868217630863,52,False,dgp2,dml_lasso,Quadratic + linear,DML-LASSO,0.5
0.3164923068694586,0.3559640894553621,-0.3811973084630511,1.0141819222019683,53,False,dgp2,dml_lasso,Quadratic + linear,DML-LASSO,0.5
0.44544315509587673,0.3714655444136148,-0.2826293119548082,1.1735156221465617,54,False,dgp2,dml_lasso,Quadratic + linear,DML-LASSO,0.5
0.881621534014137,0.38241597735827243,0.13208621839192303,1.6311568496363509,55,False,dgp2,dml_lasso,Quadratic + linear,DML-LASSO,0.5
0.4258306576964373,0.37272136946091816,-0.3047032264469623,1.156364541839837,56,False,dgp2,dml_lasso,Quadratic + linear,DML-LASSO,0.5
0.42895388461153566,0.42384250895216385,-0.4017774329347055,1.259685202157777,57,False,dgp2,dml_lasso,Quadratic + linear,DML-LASSO,0.5
0.4865526806058907,0.3479477448549143,-0.19542489930974133,1.1685302605215226,58,False,dgp2,dml_lasso,Quadratic + linear,DML-LASSO,0.5
0.9765831955798946,0.3754294856657598,0.2407414036750054,1.7124249874847837,59,False,dgp2,dml_lasso,Quadratic + linear,DML-LASSO,0.5
0.730124813482701,0.39851370684390897,-0.05096205193136061,1.5112116788967627,60,False,dgp2,dml_lasso,Quadratic + linear,DML-LASSO,0.5
-0.01736441614916672,0.5307849936040994,-1.0577030036132014,1.0229741713148681,61,False,dgp2,dml_lasso,Quadratic + linear,DML-LASSO,0.5
0.635861928118575,0.40236600499967445,-0.15277544168078694,1.424499297917937,62,False,dgp2,dml_lasso,Quadratic + linear,DML-LASSO,0.5
0.6162528739441069,0.3940528497249935,-0.15609071151688036,1.3885964594050941,63,False,dgp2,dml_lasso,Quadratic + linear,DML-LASSO,0.5
0.30765277828875065,0.4620672785993335,-0.5979990877659429,1.2133046443434443,64,False,dgp2,dml_lasso,Quadratic + linear,DML-LASSO,0.5
0.9855834797035616,0.33080091901839775,0.33721367842750205,1.6339532809796213,65,False,dgp2,dml_lasso,Quadratic + linear,DML-LASSO,0.5
0.3593538863835092,0.3580604973661488,-0.34244468845414244,1.0611524612211607,66,False,dgp2,dml_lasso,Quadratic + linear,DML-LASSO,0.5
0.4133742029260046,0.35009937562389704,-0.2728205732968336,1.0995689791488428,67,False,dgp2,dml_lasso,Quadratic + linear,DML-LASSO,0.5
0.3014754103117456,0.4083681873781814,-0.49892623694948995,1.101877057572981,68,False,dgp2,dml_lasso,Quadratic + linear,DML-LASSO,0.5
-0.052977662561101584,0.3985216424999732,-0.834080081861049,0.7281247567388458,69,False,dgp2,dml_lasso,Quadratic + linear,DML-LASSO,0.5
0.39980956065080725,0.36208511644774966,-0.3098772675867821,1.1094963888883966,70,False,dgp2,dml_lasso,Quadratic + linear,DML-LASSO,0.5
0.6268319934809986,0.38256809940955483,-0.12300148136172884,1.376665468323726,71,False,dgp2,dml_lasso,Quadratic + linear,DML-LASSO,0.5
0.628652995747289,0.3969083148633983,-0.1492873013849717,1.4065932928795495,72,False,dgp2,dml_lasso,Quadratic + linear,DML-LASSO,0.5
0.21494594214152107,0.33055311758074396,-0.43293816831673704,0.8628300525997792,73,False,dgp2,dml_lasso,Quadratic + linear,DML-LASSO,0.5
0.5448326553166928,0.4057088478956192,-0.2503566865587208,1.3400219971921064,74,False,dgp2,dml_lasso,Quadratic + linear,DML-LASSO,0.5
0.2594010641837296,0.4276475912336199,-0.5787882146341654,1.0975903430016245,75,False,dgp2,dml_lasso,Quadratic + linear,DML-LASSO,0.5
1.3474084323118831,0.42443167071029414,0.5155223577197067,2.1792945069040597,76,False,dgp2,dml_lasso,Quadratic + linear,DML-LASSO,0.5
0.6020228468218954,0.3943880395257783,-0.17097771064863,1.375023404292421,77,False,dgp2,dml_lasso,Quadratic + linear,DML-LASSO,0.5
0.14366007091105307,0.3802629727545191,-0.6016553556878044,0.8889754975099105,78,False,dgp2,dml_lasso,Quadratic + linear,DML-LASSO,0.5
-0.1841669075530124,0.4234797031331042,-1.0141871256938966,0.6458533105878719,79,False,dgp2,dml_lasso,Quadratic + linear,DML-LASSO,0.5
0.670929929029795,0.43037610680064026,-0.17260724029945995,1.51446709835905,80,False,dgp2,dml_lasso,Quadratic + linear,DML-LASSO,0.5
0.11248625367845914,0.44645597327231906,-0.7625674539352862,0.9875399612922044,81,False,dgp2,dml_lasso,Quadratic + linear,DML-LASSO,0.5
0.07448584545092585,0.43163949097459164,-0.7715275568592738,0.9204992477611255,82,False,dgp2,dml_lasso,Quadratic + linear,DML-LASSO,0.5
0.1819352517359349,0.3349113851186778,-0.4744910630966736,0.8383615665685433,83,False,dgp2,dml_lasso,Quadratic + linear,DML-LASSO,0.5
1.3643632084153086,0.3922361330534008,0.5955803876306429,2.133146029199974,84,False,dgp2,dml_lasso,Quadratic + linear,DML-LASSO,0.5
0.3623334951667507,0.40173249324439614,-0.4250621915922657,1.1497291819257671,85,False,dgp2,dml_lasso,Quadratic + linear,DML-LASSO,0.5
0.010475752638909732,0.35959537453908696,-0.6943311814577007,0.7152826867355202,86,False,dgp2,dml_lasso,Quadratic + linear,DML-LASSO,0.5
0.7802619556922015,0.29873788575207916,0.1947356996181263,1.3657882117662767,87,False,dgp2,dml_lasso,Quadratic + linear,DML-LASSO,0.5
0.6523181937666902,0.3676885629920441,-0.06835138969771626,1.3729877772310966,88,False,dgp2,dml_lasso,Quadratic + linear,DML-LASSO,0.5
0.39371410421916064,0.42285376471591024,-0.4350792746240234,1.2225074830623446,89,False,dgp2,dml_lasso,Quadratic + linear,DML-LASSO,0.5
0.7826506553097548,0.3919929301122485,0.014344512289747646,1.5509567983297619,90,False,dgp2,dml_lasso,Quadratic + linear,DML-LASSO,0.5
0.43034319076919414,0.3721271969116408,-0.2990261151776218,1.15971249671601,91,False,dgp2,dml_lasso,Quadratic + linear,DML-LASSO,0.5
0.8326969473462702,0.368672392756181,0.11009905754415539,1.555294837148385,92,False,dgp2,dml_lasso,Quadratic + linear,DML-LASSO,0.5
0.3175330584085456,0.4310931944472629,-0.5274096027080897,1.162475719525181,93,False,dgp2,dml_lasso,Quadratic + linear,DML-LASSO,0.5
0.958949795201423,0.3445826245311084,0.2835678511204506,1.6343317392823953,94,False,dgp2,dml_lasso,Quadratic + linear,DML-LASSO,0.5
-0.13629294581839485,0.4407860724997287,-1.000233647917863,0.7276477562810733,95,False,dgp2,dml_lasso,Quadratic + linear,DML-LASSO,0.5
-0.13171161852836696,0.3820721960918004,-0.8805731228682957,0.6171498858115617,96,False,dgp2,dml_lasso,Quadratic + linear,DML-LASSO,0.5
0.5307592736533759,0.35694351574519706,-0.16885001720721027,1.2303685645139621,97,False,dgp2,dml_lasso,Quadratic + linear,DML-LASSO,0.5
0.9298514824035298,0.40258577967856946,0.1407833542335336,1.718919610573526,98,False,dgp2,dml_lasso,Quadratic + linear,DML-LASSO,0.5
0.6114886600292303,0.35131817853364344,-0.07709496989671083,1.3000722899551715,99,False,dgp2,dml_lasso,Quadratic + linear,DML-LASSO,0.5
0.48913532536249466,0.37935759918361145,-0.2544055690373838,1.232676219762373,100,False,dgp2,dml_lasso,Quadratic + linear,DML-LASSO,0.5
0.6944910637665264,0.3556498229171138,-0.002582589151016612,1.3915647166840692,101,False,dgp2,dml_lasso,Quadratic + linear,DML-LASSO,0.5
0.5881964965866631,0.3491705473731263,-0.0961777762646645,1.2725707694379906,102,False,dgp2,dml_lasso,Quadratic + linear,DML-LASSO,0.5
0.2537166039928825,0.3176379228000082,-0.3688537246951335,0.8762869326808984,103,False,dgp2,dml_lasso,Quadratic + linear,DML-LASSO,0.5
0.6569423651494855,0.3252333843454889,0.019484931832327246,1.2943997984666438,104,False,dgp2,dml_lasso,Quadratic + linear,DML-LASSO,0.5
1.0264686839382215,0.4173953814078117,0.20837373637891066,1.8445636314975324,105,False,dgp2,dml_lasso,Quadratic + linear,DML-LASSO,0.5
0.3808977308234246,0.3142875805660858,-0.23510592708610356,0.9969013887329528,106,False,dgp2,dml_lasso,Quadratic + linear,DML-LASSO,0.5
0.3950236005571299,0.3314907120186209,-0.25469819499936713,1.0447453961136268,107,False,dgp2,dml_lasso,Quadratic + linear,DML-LASSO,0.5
-0.10558533700741747,0.3776586063979931,-0.8457962055474839,0.634625531532649,108,False,dgp2,dml_lasso,Quadratic + linear,DML-LASSO,0.5
0.5218012842839945,0.3448342927428636,-0.15407392949201815,1.1976764980600072,109,False,dgp2,dml_lasso,Quadratic + linear,DML-LASSO,0.5
0.4916200502497943,0.3767586419440862,-0.24682688796061464,1.2300669884602033,110,False,dgp2,dml_lasso,Quadratic + linear,DML-LASSO,0.5
0.7547515512350682,0.35815645409755986,0.05276490120385091,1.4567382012662855,111,False,dgp2,dml_lasso,Quadratic + linear,DML-LASSO,0.5
0.7218925401021425,0.36153678717198007,0.013280437245061671,1.4305046429592234,112,False,dgp2,dml_lasso,Quadratic + linear,DML-LASSO,0.5
0.9782292634210893,0.3473655899399591,0.29739270713876953,1.6590658197034092,113,False,dgp2,dml_lasso,Quadratic + linear,DML-LASSO,0.5
0.8324060499373498,0.40028158105050443,0.04785415107836111,1.6169579487963386,114,False,dgp2,dml_lasso,Quadratic + linear,DML-LASSO,0.5
0.13914977968757022,0.4003238696006608,-0.6454850047297249,0.9237845641048654,115,False,dgp2,dml_lasso,Quadratic + linear,DML-LASSO,0.5
0.6855156906811868,0.3068744655025668,0.0840417382961558,1.2869896430662178,116,False,dgp2,dml_lasso,Quadratic + linear,DML-LASSO,0.5
-0.11487924084904137,0.4097228920467579,-0.9179361092606868,0.6881776275626041,117,False,dgp2,dml_lasso,Quadratic + linear,DML-LASSO,0.5
0.5049042985227435,0.362480121258586,-0.2055567391440849,1.215365336189572,118,False,dgp2,dml_lasso,Quadratic + linear,DML-LASSO,0.5
0.9430242229927811,0.38804067509713774,0.1824644998023911,1.703583946183171,119,False,dgp2,dml_lasso,Quadratic + linear,DML-LASSO,0.5
0.3942989224407733,0.3297296238609321,-0.2519711403266535,1.0405689852082,120,False,dgp2,dml_lasso,Quadratic + linear,DML-LASSO,0.5
0.9070084980245093,0.3859382930384873,0.1505694436690742,1.6634475523799446,121,False,dgp2,dml_lasso,Quadratic + linear,DML-LASSO,0.5
1.1556518968124623,0.42497320070697725,0.32270442342678685,1.9885993701981377,122,False,dgp2,dml_lasso,Quadratic + linear,DML-LASSO,0.5
0.6497055232033435,0.3562176051230447,-0.048480982837824094,1.3478920292445111,123,False,dgp2,dml_lasso,Quadratic + linear,DML-LASSO,0.5
0.5933349463037124,0.3451023521900916,-0.08306566398886717,1.269735556596292,124,False,dgp2,dml_lasso,Quadratic + linear,DML-LASSO,0.5
0.8743106841335859,0.36214730521632754,0.164501965909584,1.584119402357588,125,False,dgp2,dml_lasso,Quadratic + linear,DML-LASSO,0.5
0.39287497252638326,0.3886479563602755,-0.36887502193975674,1.1546249669925233,126,False,dgp2,dml_lasso,Quadratic + linear,DML-LASSO,0.5
0.45192142971539107,0.3654346788586785,-0.26433054084761876,1.168173400278401,127,False,dgp2,dml_lasso,Quadratic + linear,DML-LASSO,0.5
0.2645475297084834,0.36663348284180686,-0.454054096661458,0.9831491560784248,128,False,dgp2,dml_lasso,Quadratic + linear,DML-LASSO,0.5
0.8086753134069861,0.4034310659665746,0.01795042411249992,1.5994002027014722,129,False,dgp2,dml_lasso,Quadratic + linear,DML-LASSO,0.5
0.31726616993187085,0.379482352130372,-0.4265192402436583,1.0610515801073999,130,False,dgp2,dml_lasso,Quadratic + linear,DML-LASSO,0.5
-0.04151991378203307,0.3635658748361729,-0.754109028460932,0.671069200896866,131,False,dgp2,dml_lasso,Quadratic + linear,DML-LASSO,0.5
0.8579967049020727,0.36358423815494223,0.14537159811838596,1.5706218116857595,132,False,dgp2,dml_lasso,Quadratic + linear,DML-LASSO,0.5
0.6407532662403004,0.3578740300243964,-0.060679832607516526,1.3421863650881174,133,False,dgp2,dml_lasso,Quadratic + linear,DML-LASSO,0.5
0.33475448491023096,0.4791754482414379,-0.6044293936429872,1.2739383634634491,134,False,dgp2,dml_lasso,Quadratic + linear,DML-LASSO,0.5
-0.46680346108711657,0.34615625300713443,-1.1452697169811001,0.2116627948068669,135,False,dgp2,dml_lasso,Quadratic + linear,DML-LASSO,0.5
0.4027827168012769,0.36096327988129906,-0.30470531176606924,1.1102707453686231,136,False,dgp2,dml_lasso,Quadratic + linear,DML-LASSO,0.5
-0.112032020851705,0.3352268226716111,-0.7690765932880628,0.5450125515846527,137,False,dgp2,dml_lasso,Quadratic + linear,DML-LASSO,0.5
0.8431491073699917,0.350906965476002,0.15537145503702787,1.5309267597029557,138,False,dgp2,dml_lasso,Quadratic + linear,DML-LASSO,0.5
0.7747496936215889,0.3683587430605596,0.05276655722289203,1.4967328300202856,139,False,dgp2,dml_lasso,Quadratic + linear,DML-LASSO,0.5
0.16661199425952194,0.345008252695148,-0.5096041810229681,0.8428281695420121,140,False,dgp2,dml_lasso,Quadratic + linear,DML-LASSO,0.5
0.3010199630032542,0.31295669305458035,-0.3123751553837233,0.9144150813902316,141,False,dgp2,dml_lasso,Quadratic + linear,DML-LASSO,0.5
0.12257963524157826,0.3619892101806226,-0.5869192167124421,0.8320784871955985,142,False,dgp2,dml_lasso,Quadratic + linear,DML-LASSO,0.5
0.4602581174450507,0.3887317493309283,-0.3016561112435688,1.2221723461336702,143,False,dgp2,dml_lasso,Quadratic + linear,DML-LASSO,0.5
0.5601028233876392,0.4363077460483429,-0.2950603588671129,1.4152660056423914,144,False,dgp2,dml_lasso,Quadratic + linear,DML-LASSO,0.5
0.4482977524334187,0.37946321559692897,-0.2954501501365621,1.1920456550033995,145,False,dgp2,dml_lasso,Quadratic + linear,DML-LASSO,0.5
0.2949777925383148,0.448692278089492,-0.5844590725170895,1.174414657593719,146,False,dgp2,dml_lasso,Quadratic + linear,DML-LASSO,0.5
-0.040464708354353424,0.45344817472842436,-0.9292231308220652,0.8482937141133583,147,False,dgp2,dml_lasso,Quadratic + linear,DML-LASSO,0.5
0.5576038772471599,0.33848728467997624,-0.1058312007255936,1.2210389552199135,148,False,dgp2,dml_lasso,Quadratic + linear,DML-LASSO,0.5
0.6868872168981509,0.3602569695014457,-0.01921644332468264,1.3929908771209845,149,False,dgp2,dml_lasso,Quadratic + linear,DML-LASSO,0.5
0.3718533722662253,0.4229998871918678,-0.4572264066298356,1.2009331511622863,150,False,dgp2,dml_lasso,Quadratic + linear,DML-LASSO,0.5
-0.028965465268925697,0.36539641034626336,-0.7451424295476019,0.6872114990097504,151,False,dgp2,dml_lasso,Quadratic + linear,DML-LASSO,0.5
0.47974860233414773,0.3766151423017842,-0.25841707657734936,1.217914281245645,152,False,dgp2,dml_lasso,Quadratic + linear,DML-LASSO,0.5
0.4001101605462327,0.40264575373660116,-0.3890755167775055,1.189295837869971,153,False,dgp2,dml_lasso,Quadratic + linear,DML-LASSO,0.5
0.5879834469013939,0.4425045791453825,-0.2793255282235557,1.4552924220263437,154,False,dgp2,dml_lasso,Quadratic + linear,DML-LASSO,0.5
0.5822426197395446,0.36191836488721973,-0.12711737543940604,1.2916026149184954,155,False,dgp2,dml_lasso,Quadratic + linear,DML-LASSO,0.5
0.19742936335572003,0.36159772205461144,-0.5113021718713183,0.9061608985827584,156,False,dgp2,dml_lasso,Quadratic + linear,DML-LASSO,0.5
1.1499652489398895,0.3437056965435957,0.47630208371444194,1.823628414165337,157,False,dgp2,dml_lasso,Quadratic + linear,DML-LASSO,0.5
0.6986060810467628,0.3594462836101441,-0.00590863482911963,1.4031207969226451,158,False,dgp2,dml_lasso,Quadratic + linear,DML-LASSO,0.5
-0.11451191457273563,0.35146444534250554,-0.8033822274440465,0.5743583982985752,159,False,dgp2,dml_lasso,Quadratic + linear,DML-LASSO,0.5
0.16065903401975679,0.3905638387542272,-0.6048460899385285,0.9261641579780421,160,False,dgp2,dml_lasso,Quadratic + linear,DML-LASSO,0.5
0.5981756656268784,0.3631349183781959,-0.11356877439438551,1.3099201056481422,161,False,dgp2,dml_lasso,Quadratic + linear,DML-LASSO,0.5
0.3754875152446073,0.3888211321996966,-0.3866019038667981,1.1375769343560127,162,False,dgp2,dml_lasso,Quadratic + linear,DML-LASSO,0.5
0.7784804903948404,0.42247412354925734,-0.049568791761704034,1.6065297725513847,163,False,dgp2,dml_lasso,Quadratic + linear,DML-LASSO,0.5
0.7428190079180031,0.3781420741922228,0.0016605425012464758,1.4839774733347597,164,False,dgp2,dml_lasso,Quadratic + linear,DML-LASSO,0.5
-0.14656830408104352,0.3641926349476825,-0.8603858685785012,0.5672492604164142,165,False,dgp2,dml_lasso,Quadratic + linear,DML-LASSO,0.5
1.3959488184983084,0.3850444014036812,0.6412617917470933,2.1506358452495236,166,False,dgp2,dml_lasso,Quadratic + linear,DML-LASSO,0.5
-0.4467696676354177,0.4270658620958285,-1.2838187573432416,0.39027942207240607,167,False,dgp2,dml_lasso,Quadratic + linear,DML-LASSO,0.5
-0.23718342315513843,0.28563136455771826,-0.7970208976882662,0.3226540513779894,168,False,dgp2,dml_lasso,Quadratic + linear,DML-LASSO,0.5
0.5260564576370755,0.39236144450942656,-0.24297197360140055,1.2950848888755515,169,False,dgp2,dml_lasso,Quadratic + linear,DML-LASSO,0.5
0.3481840947347598,0.36017537118877413,-0.3577596327952374,1.054127822264757,170,False,dgp2,dml_lasso,Quadratic + linear,DML-LASSO,0.5
0.18976365675736956,0.33420769283737417,-0.46528342120388383,0.8448107347186229,171,False,dgp2,dml_lasso,Quadratic + linear,DML-LASSO,0.5
0.7877021619499717,0.32862233909803484,0.14360237731782344,1.43180194658212,172,False,dgp2,dml_lasso,Quadratic + linear,DML-LASSO,0.5
0.7477697799577889,0.37437430006600775,0.013996151828413739,1.4815434080871641,173,False,dgp2,dml_lasso,Quadratic + linear,DML-LASSO,0.5
0.21858425528893474,0.3646366056953292,-0.49610349187391045,0.93327200245178,174,False,dgp2,dml_lasso,Quadratic + linear,DML-LASSO,0.5
0.7337868020717927,0.33779320111185607,0.07171212789255477,1.3958614762510306,175,False,dgp2,dml_lasso,Quadratic + linear,DML-LASSO,0.5
0.213369699083454,0.33698589650688165,-0.4471226580700341,0.8738620562369421,176,False,dgp2,dml_lasso,Quadratic + linear,DML-LASSO,0.5
-0.01009400654083622,0.39350019273679343,-0.7813543843049514,0.7611663712232789,177,False,dgp2,dml_lasso,Quadratic + linear,DML-LASSO,0.5
0.3730759678205069,0.37966556156192327,-0.3710685328408627,1.1172204684818765,178,False,dgp2,dml_lasso,Quadratic + linear,DML-LASSO,0.5
0.3842075397784106,0.39550122281916045,-0.39097485694714385,1.159389936503965,179,False,dgp2,dml_lasso,Quadratic + linear,DML-LASSO,0.5
0.3885199452411092,0.3355225016936123,-0.26910415807837085,1.0461440485605893,180,False,dgp2,dml_lasso,Quadratic + linear,DML-LASSO,0.5
0.6846814896070547,0.3467707906275849,0.005010739976988199,1.364352239237121,181,False,dgp2,dml_lasso,Quadratic + linear,DML-LASSO,0.5
0.49364485613311987,0.32262904685102844,-0.1387080756948959,1.1259977879611356,182,False,dgp2,dml_lasso,Quadratic + linear,DML-LASSO,0.5
0.8085956334168269,0.41406739927038955,-0.0029764691531365406,1.6201677359867905,183,False,dgp2,dml_lasso,Quadratic + linear,DML-LASSO,0.5
0.9836176046603882,0.3385382692032527,0.3200825970220129,1.6471526122987634,184,False,dgp2,dml_lasso,Quadratic + linear,DML-LASSO,0.5
-0.12491539430168278,0.4225405187153796,-0.9530948109838268,0.7032640223804613,185,False,dgp2,dml_lasso,Quadratic + linear,DML-LASSO,0.5
0.3500394829257021,0.45785926100628344,-0.5473646686466135,1.2474436344980178,186,False,dgp2,dml_lasso,Quadratic + linear,DML-LASSO,0.5
0.48787730535266965,0.3734104129283681,-0.24400710398693176,1.219761714692271,187,False,dgp2,dml_lasso,Quadratic + linear,DML-LASSO,0.5
0.6275860622302931,0.37691901158612906,-0.11117520047851981,1.366347324939106,188,False,dgp2,dml_lasso,Quadratic + linear,DML-LASSO,0.5
0.6191420069394641,0.39948148923479293,-0.16384171196073005,1.4021257258396582,189,False,dgp2,dml_lasso,Quadratic + linear,DML-LASSO,0.5
0.37701265146440577,0.43778520234219037,-0.4810463451262873,1.235071648055099,190,False,dgp2,dml_lasso,Quadratic + linear,DML-LASSO,0.5
0.5510173017734284,0.3709837204714687,-0.17611079035065025,1.2781453938975071,191,False,dgp2,dml_lasso,Quadratic + linear,DML-LASSO,0.5
0.8546305333675501,0.3585504671369569,0.15187161777911462,1.5573894489559856,192,False,dgp2,dml_lasso,Quadratic + linear,DML-LASSO,0.5
0.8326636683488016,0.4180420485394126,0.013301253211552844,1.6520260834860503,193,False,dgp2,dml_lasso,Quadratic + linear,DML-LASSO,0.5
0.47000838384407884,0.29256057119074946,-0.10341033568979008,1.0434271033779479,194,False,dgp2,dml_lasso,Quadratic + linear,DML-LASSO,0.5
0.5188746622327353,0.38674799962095463,-0.23915141702433584,1.2769007414898064,195,False,dgp2,dml_lasso,Quadratic + linear,DML-LASSO,0.5
0.30391538973213134,0.41701962733235426,-0.5134430798392831,1.1212738593035456,196,False,dgp2,dml_lasso,Quadratic + linear,DML-LASSO,0.5
1.5721454240931674,0.3856944554667091,0.8161842913784175,2.328106556807917,197,False,dgp2,dml_lasso,Quadratic + linear,DML-LASSO,0.5
0.6521113878847048,0.366037998914836,-0.06532308998837377,1.3695458657577833,198,False,dgp2,dml_lasso,Quadratic + linear,DML-LASSO,0.5
0.219721363044861,0.3728294203225215,-0.5110243007872811,0.9504670268770031,199,False,dgp2,dml_lasso,Quadratic + linear,DML-LASSO,0.5
1.1208356075308799,0.3988364006723611,0.33911626221305213,1.9025549528487076,200,False,dgp2,dml_lasso,Quadratic + linear,DML-LASSO,0.5
0.26618887502843835,0.3474140400154708,-0.4147426434018845,0.9471203934587612,201,False,dgp2,dml_lasso,Quadratic + linear,DML-LASSO,0.5
-0.019728201255996145,0.39947802365853147,-0.8027051276267179,0.7632487251147255,202,False,dgp2,dml_lasso,Quadratic + linear,DML-LASSO,0.5
0.33453681517140627,0.3504420330483239,-0.3523295696033086,1.021403199946121,203,False,dgp2,dml_lasso,Quadratic + linear,DML-LASSO,0.5
-0.0011959011034031184,0.4572778979053473,-0.8974605809978837,0.8950687787910776,204,False,dgp2,dml_lasso,Quadratic + linear,DML-LASSO,0.5
0.5330119401587433,0.3816623869481623,-0.2150463382596548,1.2810702185771414,205,False,dgp2,dml_lasso,Quadratic + linear,DML-LASSO,0.5
0.03306173832856138,0.40971904597668923,-0.7699875917857495,0.8361110684428723,206,False,dgp2,dml_lasso,Quadratic + linear,DML-LASSO,0.5
0.5859390878475245,0.3455743727052482,-0.09138668265476202,1.263264858349811,207,False,dgp2,dml_lasso,Quadratic + linear,DML-LASSO,0.5
0.6153636899236157,0.3015030580620207,0.024417696122055133,1.206309683725176,208,False,dgp2,dml_lasso,Quadratic + linear,DML-LASSO,0.5
0.44495672004868,0.3496356353185323,-0.24032912517564337,1.1302425652730033,209,False,dgp2,dml_lasso,Quadratic + linear,DML-LASSO,0.5
-0.201946563045022,0.44637695475576156,-1.0768453943663148,0.6729522682762706,210,False,dgp2,dml_lasso,Quadratic + linear,DML-LASSO,0.5
0.5577110825698627,0.3542927817122454,-0.13670276958613825,1.2521249347258636,211,False,dgp2,dml_lasso,Quadratic + linear,DML-LASSO,0.5
0.5999053225825588,0.37674904243932544,-0.13852280059851907,1.3383334457636367,212,False,dgp2,dml_lasso,Quadratic + linear,DML-LASSO,0.5
0.08376508477614927,0.40798768279248837,-0.7158907734971279,0.8834209430494265,213,False,dgp2,dml_lasso,Quadratic + linear,DML-LASSO,0.5
-0.27142450880527863,0.40744184600244177,-1.0700105269700644,0.5271615093595072,214,False,dgp2,dml_lasso,Quadratic + linear,DML-LASSO,0.5
0.5550777795342765,0.34739700653807254,-0.1258203532803457,1.2359759123488987,215,False,dgp2,dml_lasso,Quadratic + linear,DML-LASSO,0.5
0.12359220462625325,0.4632025720005295,-0.7842848364947845,1.0314692457472912,216,False,dgp2,dml_lasso,Quadratic + linear,DML-LASSO,0.5
-0.20663551153040396,0.35408474887819646,-0.900641619331669,0.4873705962708611,217,False,dgp2,dml_lasso,Quadratic + linear,DML-LASSO,0.5
0.20198123664240628,0.4413478474968493,-0.6630605444514183,1.0670230177362308,218,False,dgp2,dml_lasso,Quadratic + linear,DML-LASSO,0.5
-0.4616208104190445,0.3336032348557634,-1.1154831507363407,0.19224152989825166,219,False,dgp2,dml_lasso,Quadratic + linear,DML-LASSO,0.5
0.654832682421399,0.37227004986070095,-0.07481661530557482,1.3844819801483728,220,False,dgp2,dml_lasso,Quadratic + linear,DML-LASSO,0.5
0.4809873333143437,0.36783024833039174,-0.23995995341322413,1.2019346200419114,221,False,dgp2,dml_lasso,Quadratic + linear,DML-LASSO,0.5
0.13519255095799365,0.3291064954953584,-0.5098561802129088,0.7802412821288961,222,False,dgp2,dml_lasso,Quadratic + linear,DML-LASSO,0.5
-0.07716193241608385,0.47221187913947754,-1.0026972155294598,0.8483733506972921,223,False,dgp2,dml_lasso,Quadratic + linear,DML-LASSO,0.5
0.8202400201001595,0.3337146076542943,0.16615938909774275,1.4743206511025764,224,False,dgp2,dml_lasso,Quadratic + linear,DML-LASSO,0.5
0.797984849546256,0.3793463656725445,0.054465972828068865,1.5415037262644433,225,False,dgp2,dml_lasso,Quadratic + linear,DML-LASSO,0.5
0.5555232618876144,0.34360670315733455,-0.11794587630076137,1.22899240007599,226,False,dgp2,dml_lasso,Quadratic + linear,DML-LASSO,0.5
0.6938973118738028,0.4538249873929608,-0.19559966341640034,1.5833942871640059,227,False,dgp2,dml_lasso,Quadratic + linear,DML-LASSO,0.5
0.4338696624238734,0.3903051969951044,-0.3311285236865312,1.198867848534278,228,False,dgp2,dml_lasso,Quadratic + linear,DML-LASSO,0.5
0.7288483333455836,0.3696394968905129,0.004354919440178406,1.4533417472509889,229,False,dgp2,dml_lasso,Quadratic + linear,DML-LASSO,0.5
0.9071238387519995,0.38596587130251964,0.1506307309990611,1.663616946504938,230,False,dgp2,dml_lasso,Quadratic + linear,DML-LASSO,0.5
-0.0839425076780368,0.43982095798889115,-0.9459915853362634,0.7781065699801898,231,False,dgp2,dml_lasso,Quadratic + linear,DML-LASSO,0.5
0.523932393762444,0.4353199821225527,-0.3292947711977592,1.3771595587226473,232,False,dgp2,dml_lasso,Quadratic + linear,DML-LASSO,0.5
-0.25152446670016637,0.3552856035294909,-0.9478842496179686,0.44483531621763583,233,False,dgp2,dml_lasso,Quadratic + linear,DML-LASSO,0.5
0.942426273848916,0.36485717435552767,0.2273062121120818,1.6575463355857503,234,False,dgp2,dml_lasso,Quadratic + linear,DML-LASSO,0.5
1.4194173000464168,0.37744411409621786,0.6796268364178297,2.1592077636750036,235,False,dgp2,dml_lasso,Quadratic + linear,DML-LASSO,0.5
0.6536484125958621,0.470292240368325,-0.26812437852605486,1.575421203717779,236,False,dgp2,dml_lasso,Quadratic + linear,DML-LASSO,0.5
0.13808869743589358,0.43921125631190516,-0.7227653649354405,0.9989427598072277,237,False,dgp2,dml_lasso,Quadratic + linear,DML-LASSO,0.5
0.04539167359009239,0.37753392923198137,-0.694574827704591,0.7853581748847759,238,False,dgp2,dml_lasso,Quadratic + linear,DML-LASSO,0.5
0.9106262908341639,0.4890071412542344,-0.04782770602413544,1.8690802876924633,239,False,dgp2,dml_lasso,Quadratic + linear,DML-LASSO,0.5
0.4069103981662728,0.3949037409871194,-0.36710093416848116,1.1809217305010267,240,False,dgp2,dml_lasso,Quadratic + linear,DML-LASSO,0.5
0.4747376104608166,0.34291047969868615,-0.1973669297486083,1.1468421506702415,241,False,dgp2,dml_lasso,Quadratic + linear,DML-LASSO,0.5
0.5350097445355348,0.31809071634350733,-0.08844805949773948,1.1584675485688092,242,False,dgp2,dml_lasso,Quadratic + linear,DML-LASSO,0.5
0.8566936328193723,0.41370261356035,0.04583651024108637,1.667550755397658,243,False,dgp2,dml_lasso,Quadratic + linear,DML-LASSO,0.5
0.5886960265634827,0.31841774947461354,-0.03540276240675977,1.2127948155337251,244,False,dgp2,dml_lasso,Quadratic + linear,DML-LASSO,0.5
1.4613436990218116,0.43832964715606176,0.6022175905959306,2.320469807447693,245,False,dgp2,dml_lasso,Quadratic + linear,DML-LASSO,0.5
0.5727200242969971,0.4119702219446446,-0.2347416107145064,1.3801816593085006,246,False,dgp2,dml_lasso,Quadratic + linear,DML-LASSO,0.5
0.4417695506508041,0.3911411165836264,-0.3248670378531036,1.2084061391547118,247,False,dgp2,dml_lasso,Quadratic + linear,DML-LASSO,0.5
0.30860137711332575,0.3484759555499191,-0.37441149576451566,0.9916142499911671,248,False,dgp2,dml_lasso,Quadratic + linear,DML-LASSO,0.5
0.691484947001733,0.47275872408779956,-0.23512215221035415,1.6180920462138202,249,False,dgp2,dml_lasso,Quadratic + linear,DML-LASSO,0.5
0.757762796449254,0.3317337830109921,0.10756458174770955,1.4079610111507985,250,False,dgp2,dml_lasso,Quadratic + linear,DML-LASSO,0.5
0.5472376713939555,0.3725700607651204,-0.18299964770568045,1.2774749904935914,251,False,dgp2,dml_lasso,Quadratic + linear,DML-LASSO,0.5
0.8083925503863163,0.37010189616439576,0.08299283390410062,1.533792266868532,252,False,dgp2,dml_lasso,Quadratic + linear,DML-LASSO,0.5
1.0109705299262952,0.3928015222554,0.24107954630571127,1.780861513546879,253,False,dgp2,dml_lasso,Quadratic + linear,DML-LASSO,0.5
0.20548279423048263,0.352907289200356,-0.4862154926022151,0.8971810810631804,254,False,dgp2,dml_lasso,Quadratic + linear,DML-LASSO,0.5
0.40741429561528514,0.40576053109914595,-0.38787634533904086,1.2027049365696112,255,False,dgp2,dml_lasso,Quadratic + linear,DML-LASSO,0.5
-0.30206383828180455,0.3544812321001206,-0.9968470531980409,0.39271937663443185,256,False,dgp2,dml_lasso,Quadratic + linear,DML-LASSO,0.5
0.3292354415466531,0.41537235726916893,-0.484894378700918,1.1433652617942243,257,False,dgp2,dml_lasso,Quadratic + linear,DML-LASSO,0.5
1.0682648669009482,0.4767084159263237,0.13391637168535386,2.0026133621165427,258,False,dgp2,dml_lasso,Quadratic + linear,DML-LASSO,0.5
0.4703157611261024,0.3509022210099168,-0.21745259205333456,1.1580841143055394,259,False,dgp2,dml_lasso,Quadratic + linear,DML-LASSO,0.5
-0.25628880378434227,0.32677012165753055,-0.8967582422331022,0.38418063466441765,260,False,dgp2,dml_lasso,Quadratic + linear,DML-LASSO,0.5
0.5320302740075614,0.4237697417779509,-0.2985584198772223,1.3626189678923453,261,False,dgp2,dml_lasso,Quadratic + linear,DML-LASSO,0.5
0.615236797763482,0.40384299316128847,-0.17629546883264346,1.4067690643596074,262,False,dgp2,dml_lasso,Quadratic + linear,DML-LASSO,0.5
1.3863874773459182,0.408104057667591,0.5865035243174398,2.1862714303743966,263,False,dgp2,dml_lasso,Quadratic + linear,DML-LASSO,0.5
0.6102425648645186,0.3986962854558623,-0.17120215462897148,1.3916872843580086,264,False,dgp2,dml_lasso,Quadratic + linear,DML-LASSO,0.5
0.05599248583794664,0.33477429206773385,-0.6001651266148116,0.712150098290705,265,False,dgp2,dml_lasso,Quadratic + linear,DML-LASSO,0.5
0.6110850026124461,0.3789776161148585,-0.13171112497267645,1.3538811301975686,266,False,dgp2,dml_lasso,Quadratic + linear,DML-LASSO,0.5
-0.06080262604831729,0.4048256666473411,-0.8542609326771059,0.7326556805804713,267,False,dgp2,dml_lasso,Quadratic + linear,DML-LASSO,0.5
-0.0034741363122356593,0.3460641058006719,-0.6817597836815525,0.6748115110570811,268,False,dgp2,dml_lasso,Quadratic + linear,DML-LASSO,0.5
0.6098633757774482,0.39342432874849054,-0.16124830856959327,1.3809750601244897,269,False,dgp2,dml_lasso,Quadratic + linear,DML-LASSO,0.5
0.5339584508029286,0.4332889726666735,-0.31528793562375146,1.3832048372296086,270,False,dgp2,dml_lasso,Quadratic + linear,DML-LASSO,0.5
0.7198862892028163,0.3966743464899168,-0.057595429917420615,1.4973680083230532,271,False,dgp2,dml_lasso,Quadratic + linear,DML-LASSO,0.5
0.6600911713591672,0.3584661177207812,-0.042502419373563916,1.3626847620918983,272,False,dgp2,dml_lasso,Quadratic + linear,DML-LASSO,0.5
0.8904091346395733,0.4757347224049776,-0.04203092127418284,1.8228491905533293,273,False,dgp2,dml_lasso,Quadratic + linear,DML-LASSO,0.5
0.5259689717965941,0.4043056250340259,-0.26647005327009665,1.318407996863285,274,False,dgp2,dml_lasso,Quadratic + linear,DML-LASSO,0.5
0.07438434012450969,0.3872496212271587,-0.6846249174807214,0.8333935977297408,275,False,dgp2,dml_lasso,Quadratic + linear,DML-LASSO,0.5
0.7342131437398707,0.39438652205876984,-0.03878443949531818,1.5072107269750594,276,False,dgp2,dml_lasso,Quadratic + linear,DML-LASSO,0.5
1.0971944874281343,0.39501390326370267,0.32296723703127705,1.8714217378249915,277,False,dgp2,dml_lasso,Quadratic + linear,DML-LASSO,0.5
0.07551651364977363,0.3592953219471552,-0.6287023173666505,0.7797353446661978,278,False,dgp2,dml_lasso,Quadratic + linear,DML-LASSO,0.5
-0.0485717808605841,0.3634522521959386,-0.7609381951646237,0.6637946334434555,279,False,dgp2,dml_lasso,Quadratic + linear,DML-LASSO,0.5
0.163579298839092,0.3644665828451914,-0.5507752035374831,0.8779338012156672,280,False,dgp2,dml_lasso,Quadratic + linear,DML-LASSO,0.5
0.6932425244010008,0.3576679847681485,-0.007786725744570289,1.3942717745465718,281,False,dgp2,dml_lasso,Quadratic + linear,DML-LASSO,0.5
0.7615853566243405,0.4011175614091631,-0.02460506373761917,1.5477757769863,282,False,dgp2,dml_lasso,Quadratic + linear,DML-LASSO,0.5
0.5883200406944922,0.3546413687357747,-0.10677704202762617,1.2834171234166105,283,False,dgp2,dml_lasso,Quadratic + linear,DML-LASSO,0.5
0.7025223323971532,0.4093225271312551,-0.09974982078010675,1.504794485574413,284,False,dgp2,dml_lasso,Quadratic + linear,DML-LASSO,0.5
-0.27169209779285014,0.36278555125083406,-0.9827517782444848,0.43936758265878456,285,False,dgp2,dml_lasso,Quadratic + linear,DML-LASSO,0.5
0.8193037035149563,0.32808004460553486,0.176266816088108,1.4623405909418046,286,False,dgp2,dml_lasso,Quadratic + linear,DML-LASSO,0.5
0.5949032514327783,0.4487940458390132,-0.2847330784116876,1.4745395812772442,287,False,dgp2,dml_lasso,Quadratic + linear,DML-LASSO,0.5
0.44383955608830644,0.42942583768641707,-0.397835085777071,1.285514197953684,288,False,dgp2,dml_lasso,Quadratic + linear,DML-LASSO,0.5
0.4502389171726317,0.43169879548192397,-0.39589072197193925,1.2963685563172027,289,False,dgp2,dml_lasso,Quadratic + linear,DML-LASSO,0.5
0.8364511123708516,0.3591034954983786,0.13260826119402946,1.5402939635476738,290,False,dgp2,dml_lasso,Quadratic + linear,DML-LASSO,0.5
0.6991040285358507,0.29775517343614155,0.11550388860101335,1.2827041684706881,291,False,dgp2,dml_lasso,Quadratic + linear,DML-LASSO,0.5
0.5138075937839174,0.4193594973727556,-0.3081370210666835,1.3357522086345184,292,False,dgp2,dml_lasso,Quadratic + linear,DML-LASSO,0.5
1.16139620592639,0.4180952366605879,0.3419295420716377,1.9808628697811423,293,False,dgp2,dml_lasso,Quadratic + linear,DML-LASSO,0.5
0.8419135026651184,0.3768339692427847,0.10331892294926037,1.5805080823809765,294,False,dgp2,dml_lasso,Quadratic + linear,DML-LASSO,0.5
0.8131345409234937,0.38279376302442325,0.06285876539562418,1.563410316451363,295,False,dgp2,dml_lasso,Quadratic + linear,DML-LASSO,0.5
1.0115935472020912,0.359177336832049,0.3076059670112752,1.7155811273929071,296,False,dgp2,dml_lasso,Quadratic + linear,DML-LASSO,0.5
-0.08851395085935358,0.4144585609948773,-0.9008527304093131,0.723824828690606,297,False,dgp2,dml_lasso,Quadratic + linear,DML-LASSO,0.5
0.880185012441096,0.4120646820837119,0.07253823555702077,1.6878317893251713,298,False,dgp2,dml_lasso,Quadratic + linear,DML-LASSO,0.5
0.4892657189686192,0.3441590809896446,-0.1852860797710842,1.1638175177083225,299,False,dgp2,dml_lasso,Quadratic + linear,DML-LASSO,0.5
0.17122149657426963,0.35177353024005165,-0.5182546226962316,0.8606976158447709,300,False,dgp2,dml_lasso,Quadratic + linear,DML-LASSO,0.5
0.5472289740554942,0.33124823306917317,-0.10201756276008522,1.1964755108710736,301,False,dgp2,dml_lasso,Quadratic + linear,DML-LASSO,0.5
0.608683440691938,0.3700493392847447,-0.11661326430616159,1.3339801456900378,302,False,dgp2,dml_lasso,Quadratic + linear,DML-LASSO,0.5
1.0154556133138686,0.31313528368104193,0.40171045729902644,1.6292007693287107,303,False,dgp2,dml_lasso,Quadratic + linear,DML-LASSO,0.5
0.0980993535590047,0.42213927894057807,-0.7292936331645283,0.9254923402825377,304,False,dgp2,dml_lasso,Quadratic + linear,DML-LASSO,0.5
1.2540829703505771,0.3278955195465845,0.6114077520392714,1.8967581886618827,305,False,dgp2,dml_lasso,Quadratic + linear,DML-LASSO,0.5
0.35612957090812186,0.3655144403854499,-0.3602787322473599,1.0725378740636036,306,False,dgp2,dml_lasso,Quadratic + linear,DML-LASSO,0.5
0.5948939482492025,0.37854878948547466,-0.14706167914232782,1.3368495756407328,307,False,dgp2,dml_lasso,Quadratic + linear,DML-LASSO,0.5
0.4072804388870065,0.388228340088416,-0.3536471076862888,1.1682079854603018,308,False,dgp2,dml_lasso,Quadratic + linear,DML-LASSO,0.5
0.4259988696261245,0.35884443828795737,-0.2773362294182719,1.1293339686705208,309,False,dgp2,dml_lasso,Quadratic + linear,DML-LASSO,0.5
0.7448259578617732,0.397925898047736,-0.03510880231178937,1.5247607180353357,310,False,dgp2,dml_lasso,Quadratic + linear,DML-LASSO,0.5
0.3296728730722347,0.3645536772377259,-0.38485233431370813,1.0441980804581776,311,False,dgp2,dml_lasso,Quadratic + linear,DML-LASSO,0.5
0.7939324207461322,0.42247868360615154,-0.034125799121924816,1.6219906406141893,312,False,dgp2,dml_lasso,Quadratic + linear,DML-LASSO,0.5
-0.11467483679673805,0.46172537036272343,-1.019656562707676,0.7903068891141999,313,False,dgp2,dml_lasso,Quadratic + linear,DML-LASSO,0.5
0.7430113640069982,0.29489582011609355,0.16501555657945488,1.3210071714345415,314,False,dgp2,dml_lasso,Quadratic + linear,DML-LASSO,0.5
0.16970158646998712,0.3360845187626895,-0.4890240703048844,0.8284272432448586,315,False,dgp2,dml_lasso,Quadratic + linear,DML-LASSO,0.5
0.7862067098812822,0.4770403538185536,-0.1487923836030829,1.7212058033656472,316,False,dgp2,dml_lasso,Quadratic + linear,DML-LASSO,0.5
1.094525868580717,0.3984887238031894,0.3134879699264659,1.8755637672349683,317,False,dgp2,dml_lasso,Quadratic + linear,DML-LASSO,0.5
1.0489198004814146,0.3844112945722715,0.2954736631197624,1.8023659378430668,318,False,dgp2,dml_lasso,Quadratic + linear,DML-LASSO,0.5
-0.5112522007366521,0.5364179118830027,-1.5626313080273375,0.5401269065540332,319,False,dgp2,dml_lasso,Quadratic + linear,DML-LASSO,0.5
0.6972761465220056,0.3638538720488935,-0.015877442693825627,1.410429735737837,320,False,dgp2,dml_lasso,Quadratic + linear,DML-LASSO,0.5
0.11758873139455105,0.33635844867632914,-0.541673828011054,0.7768512908001561,321,False,dgp2,dml_lasso,Quadratic + linear,DML-LASSO,0.5
0.008780737387332187,0.36690063184036226,-0.7103445010197778,0.7279059757944422,322,False,dgp2,dml_lasso,Quadratic + linear,DML-LASSO,0.5
0.738870762061293,0.3842685348709739,-0.014295566285815853,1.492037090408402,323,False,dgp2,dml_lasso,Quadratic + linear,DML-LASSO,0.5
0.7750336658937991,0.47249734483018546,-0.1510611299733644,1.7011284617609626,324,False,dgp2,dml_lasso,Quadratic + linear,DML-LASSO,0.5
0.26163496567073224,0.40340532323946937,-0.5290394678786277,1.0523093992200923,325,False,dgp2,dml_lasso,Quadratic + linear,DML-LASSO,0.5
0.8962785343444438,0.3871052200557336,0.13755230303520594,1.6550047656536817,326,False,dgp2,dml_lasso,Quadratic + linear,DML-LASSO,0.5
1.3058121202870352,0.358820380815093,0.6025241738894529,2.0091000666846175,327,False,dgp2,dml_lasso,Quadratic + linear,DML-LASSO,0.5
0.5461987673066642,0.3593696882601976,-0.15816582168332316,1.2505633562966514,328,False,dgp2,dml_lasso,Quadratic + linear,DML-LASSO,0.5
0.32048818403780066,0.34884431716031356,-0.36324667759641394,1.0042230456720151,329,False,dgp2,dml_lasso,Quadratic + linear,DML-LASSO,0.5
0.2440124348403457,0.3634785302112492,-0.46840548437370266,0.9564303540543941,330,False,dgp2,dml_lasso,Quadratic + linear,DML-LASSO,0.5
-0.09091897400293274,0.37039114425462427,-0.8168856167419962,0.6350476687361308,331,False,dgp2,dml_lasso,Quadratic + linear,DML-LASSO,0.5
0.4391506017655617,0.3649602087172524,-0.27617140732025297,1.1544726108513763,332,False,dgp2,dml_lasso,Quadratic + linear,DML-LASSO,0.5
1.0578181447888293,0.39533487705574094,0.2829617857595771,1.8326745038180814,333,False,dgp2,dml_lasso,Quadratic + linear,DML-LASSO,0.5
1.6649779557272262,0.38903942787638973,0.9024606770895023,2.42749523436495,334,False,dgp2,dml_lasso,Quadratic + linear,DML-LASSO,0.5
1.0532707422049585,0.463091014710695,0.1456123533719963,1.9609291310379207,335,False,dgp2,dml_lasso,Quadratic + linear,DML-LASSO,0.5
0.9871725393718565,0.3712274390900539,0.25956675875535085,1.714778319988362,336,False,dgp2,dml_lasso,Quadratic + linear,DML-LASSO,0.5
0.9030130146367848,0.36108762143093914,0.19528127663214412,1.6107447526414256,337,False,dgp2,dml_lasso,Quadratic + linear,DML-LASSO,0.5
1.238618384358032,0.3421243963502494,0.5680545675115433,1.909182201204521,338,False,dgp2,dml_lasso,Quadratic + linear,DML-LASSO,0.5
0.5099750067571427,0.3969137341025627,-0.26797591208388016,1.2879259255981657,339,False,dgp2,dml_lasso,Quadratic + linear,DML-LASSO,0.5
0.4561551101790117,0.30661841105094567,-0.14481697548084177,1.0571271958388653,340,False,dgp2,dml_lasso,Quadratic + linear,DML-LASSO,0.5
-0.09698734917960224,0.39781961955245226,-0.8767138035024087,0.6827391051432041,341,False,dgp2,dml_lasso,Quadratic + linear,DML-LASSO,0.5
0.23557815529299256,0.2688410226383752,-0.29135024907822293,0.762506559664208,342,False,dgp2,dml_lasso,Quadratic + linear,DML-LASSO,0.5
0.8796716997222233,0.38396208614637706,0.12710601087532425,1.6322373885691221,343,False,dgp2,dml_lasso,Quadratic + linear,DML-LASSO,0.5
0.45901164072857215,0.4530129852197287,-0.42889381030209617,1.3469170917592406,344,False,dgp2,dml_lasso,Quadratic + linear,DML-LASSO,0.5
1.109958331581966,0.3451165952746029,0.43352980484374437,1.7863868583201878,345,False,dgp2,dml_lasso,Quadratic + linear,DML-LASSO,0.5
0.584931038837909,0.3785198497891943,-0.15696786674891183,1.3268299444247298,346,False,dgp2,dml_lasso,Quadratic + linear,DML-LASSO,0.5
0.24834084880437898,0.3764771526949981,-0.48955437047781725,0.9862360680865753,347,False,dgp2,dml_lasso,Quadratic + linear,DML-LASSO,0.5
1.3112522216948366,0.39881329787533926,0.5295781578591716,2.0929262855305018,348,False,dgp2,dml_lasso,Quadratic + linear,DML-LASSO,0.5
0.26837581950207895,0.309479810009301,-0.3382046081161511,0.874956247120309,349,False,dgp2,dml_lasso,Quadratic + linear,DML-LASSO,0.5
0.6078145043196239,0.4263845265730546,-0.22789916776356312,1.443528176402811,350,False,dgp2,dml_lasso,Quadratic + linear,DML-LASSO,0.5
0.13595093751508702,0.4409388613028358,-0.7282892306384712,1.0001911056686452,351,False,dgp2,dml_lasso,Quadratic + linear,DML-LASSO,0.5
1.0491868387689187,0.4769351389897841,0.11439396634894183,1.9839797111888955,352,False,dgp2,dml_lasso,Quadratic + linear,DML-LASSO,0.5
0.3232951938238598,0.40684330365411464,-0.4741176813382049,1.1207080689859246,353,False,dgp2,dml_lasso,Quadratic + linear,DML-LASSO,0.5
0.6980972480299966,0.33397601797645887,0.04350425279613723,1.3526902432638561,354,False,dgp2,dml_lasso,Quadratic + linear,DML-LASSO,0.5
0.34486703641784067,0.41867243812146254,-0.47573094230022595,1.1654650151359074,355,False,dgp2,dml_lasso,Quadratic + linear,DML-LASSO,0.5
1.1007838051454968,0.39753496682860096,0.321615270161439,1.8799523401295546,356,False,dgp2,dml_lasso,Quadratic + linear,DML-LASSO,0.5
-0.11999130889235143,0.364315499970401,-0.8340496888343374,0.5940670710496345,357,False,dgp2,dml_lasso,Quadratic + linear,DML-LASSO,0.5
1.1016407430386093,0.38251975525467835,0.3519020227394397,1.851379463337779,358,False,dgp2,dml_lasso,Quadratic + linear,DML-LASSO,0.5
0.5890511755615786,0.42487207082154027,-0.24369808324864028,1.4218004343717974,359,False,dgp2,dml_lasso,Quadratic + linear,DML-LASSO,0.5
-0.13927712117551563,0.36969577313113144,-0.8638808365125332,0.585326594161502,360,False,dgp2,dml_lasso,Quadratic + linear,DML-LASSO,0.5
0.7887598994985152,0.3277391732041846,0.14639112001831345,1.431128678978717,361,False,dgp2,dml_lasso,Quadratic + linear,DML-LASSO,0.5
0.3737251136495529,0.3859884175134225,-0.3828121846767552,1.130262411975861,362,False,dgp2,dml_lasso,Quadratic + linear,DML-LASSO,0.5
-0.18784504262272672,0.3844689333259437,-0.9414041519415763,0.5657140666961229,363,False,dgp2,dml_lasso,Quadratic + linear,DML-LASSO,0.5
0.5887684402922347,0.3687204954034122,-0.1339237306984531,1.3114606112829226,364,False,dgp2,dml_lasso,Quadratic + linear,DML-LASSO,0.5
0.5359635144307753,0.32018118956262387,-0.0915916171119675,1.163518645973518,365,False,dgp2,dml_lasso,Quadratic + linear,DML-LASSO,0.5
1.0256401857309827,0.3074982695711003,0.422943577371626,1.6283367940903393,366,False,dgp2,dml_lasso,Quadratic + linear,DML-LASSO,0.5
0.8900195958636624,0.3921670067239307,0.12137226268475831,1.6586669290425666,367,False,dgp2,dml_lasso,Quadratic + linear,DML-LASSO,0.5
0.30104282044714314,0.38622516865680134,-0.4559585101201875,1.0580441510144738,368,False,dgp2,dml_lasso,Quadratic + linear,DML-LASSO,0.5
0.4475331928807956,0.3914151608514863,-0.3196405223881176,1.2147069081497088,369,False,dgp2,dml_lasso,Quadratic + linear,DML-LASSO,0.5
0.07347037504080838,0.4037081644428078,-0.717797627267095,0.8647383773487116,370,False,dgp2,dml_lasso,Quadratic + linear,DML-LASSO,0.5
0.5904673340552434,0.31434389285845016,-0.02564669594731883,1.2065813640578056,371,False,dgp2,dml_lasso,Quadratic + linear,DML-LASSO,0.5
-0.09628862806125608,0.418065456465269,-0.9156969227331833,0.7231196666106712,372,False,dgp2,dml_lasso,Quadratic + linear,DML-LASSO,0.5
0.3158078275860065,0.42067903220559355,-0.508723075536957,1.1403387307089698,373,False,dgp2,dml_lasso,Quadratic + linear,DML-LASSO,0.5
0.7973979732670854,0.3472971724838745,0.11669551519869137,1.4781004313354793,374,False,dgp2,dml_lasso,Quadratic + linear,DML-LASSO,0.5
0.14831727975685333,0.35346205326021796,-0.544468344633174,0.8411029041468805,375,False,dgp2,dml_lasso,Quadratic + linear,DML-LASSO,0.5
0.04306820771497265,0.3955606026266652,-0.7322305734332911,0.8183669888632364,376,False,dgp2,dml_lasso,Quadratic + linear,DML-LASSO,0.5
0.8252084129160366,0.3140078677045081,0.20975299221520072,1.4406638336168727,377,False,dgp2,dml_lasso,Quadratic + linear,DML-LASSO,0.5
0.6424155194368607,0.377995598424398,-0.09845585347495933,1.3832868923486807,378,False,dgp2,dml_lasso,Quadratic + linear,DML-LASSO,0.5
-0.05146975501419827,0.39085122287206425,-0.8175381518434441,0.7145986418150476,379,False,dgp2,dml_lasso,Quadratic + linear,DML-LASSO,0.5
0.7936251524086115,0.3359385276275697,0.13518563825857488,1.4520646665586483,380,False,dgp2,dml_lasso,Quadratic + linear,DML-LASSO,0.5
0.034289217166224725,0.37252994651346266,-0.6958694780001621,0.7644479123326114,381,False,dgp2,dml_lasso,Quadratic + linear,DML-LASSO,0.5
0.46696761759633404,0.3899781060139686,-0.2973894701910444,1.2313247053837124,382,False,dgp2,dml_lasso,Quadratic + linear,DML-LASSO,0.5
1.1624912722066063,0.2984100885586195,0.5776074986317121,1.7473750457815005,383,False,dgp2,dml_lasso,Quadratic + linear,DML-LASSO,0.5
1.3374439589587581,0.36766240430296776,0.6168256465249413,2.0580622713925747,384,False,dgp2,dml_lasso,Quadratic + linear,DML-LASSO,0.5
1.0580799654460236,0.3176264260767589,0.4355321703355761,1.680627760556471,385,False,dgp2,dml_lasso,Quadratic + linear,DML-LASSO,0.5
1.1189335027987082,0.38308634951517867,0.36808425774895803,1.8697827478484583,386,False,dgp2,dml_lasso,Quadratic + linear,DML-LASSO,0.5
-0.30785147042137706,0.40449360884442437,-1.1006589437564487,0.4849560029136947,387,False,dgp2,dml_lasso,Quadratic + linear,DML-LASSO,0.5
0.33467984068535567,0.3803919098742885,-0.41088830266824977,1.0802479840389612,388,False,dgp2,dml_lasso,Quadratic + linear,DML-LASSO,0.5
0.7159448050462929,0.4589847669838306,-0.18366533824201514,1.615554948334601,389,False,dgp2,dml_lasso,Quadratic + linear,DML-LASSO,0.5
0.04191147066019529,0.38494237648335317,-0.7125755872471768,0.7963985285675674,390,False,dgp2,dml_lasso,Quadratic + linear,DML-LASSO,0.5
1.038827018844313,0.3475839558707982,0.35756246533754843,1.7200915723510775,391,False,dgp2,dml_lasso,Quadratic + linear,DML-LASSO,0.5
0.42710604905895605,0.42320820017629285,-0.40238202328657796,1.25659412140449,392,False,dgp2,dml_lasso,Quadratic + linear,DML-LASSO,0.5
1.0257532577701356,0.45304664331587013,0.13778183687103018,1.913724678669241,393,False,dgp2,dml_lasso,Quadratic + linear,DML-LASSO,0.5
0.23318324621035974,0.35330163165247536,-0.45928795182849197,0.9256544442492114,394,False,dgp2,dml_lasso,Quadratic + linear,DML-LASSO,0.5
0.3213999208672554,0.46746262559233276,-0.5948268252937168,1.2376266670282277,395,False,dgp2,dml_lasso,Quadratic + linear,DML-LASSO,0.5
0.5629682949836966,0.32645980761610754,-0.07689292794387415,1.2028295179112674,396,False,dgp2,dml_lasso,Quadratic + linear,DML-LASSO,0.5
0.5691041675784858,0.3532328152846208,-0.12323215037937096,1.2614404855363426,397,False,dgp2,dml_lasso,Quadratic + linear,DML-LASSO,0.5
0.5695511575110169,0.39392385948060016,-0.20253960707095942,1.3416419220929932,398,False,dgp2,dml_lasso,Quadratic + linear,DML-LASSO,0.5
0.5600175250032535,0.3963600751119745,-0.21684822221621647,1.3368832722227235,399,False,dgp2,dml_lasso,Quadratic + linear,DML-LASSO,0.5
0.14861270016219277,0.3774819276682448,-0.5912518780675671,0.8884772783919526,400,False,dgp2,dml_lasso,Quadratic + linear,DML-LASSO,0.5
0.6098039410509586,0.3905722100913942,-0.15571759072817404,1.3753254728300912,401,False,dgp2,dml_lasso,Quadratic + linear,DML-LASSO,0.5
0.9840128488836903,0.3370901272378826,0.3233161994974404,1.6447094982699402,402,False,dgp2,dml_lasso,Quadratic + linear,DML-LASSO,0.5
0.7342868899019955,0.3048866811297791,0.13670899488762844,1.3318647849163625,403,False,dgp2,dml_lasso,Quadratic + linear,DML-LASSO,0.5
0.7809025230972507,0.32201626581725346,0.14975064209543398,1.4120544040990675,404,False,dgp2,dml_lasso,Quadratic + linear,DML-LASSO,0.5
0.28760532901169245,0.40006502810696554,-0.49652212607796,1.0717327841013449,405,False,dgp2,dml_lasso,Quadratic + linear,DML-LASSO,0.5
0.18949612846989788,0.30509452407271526,-0.408489138712624,0.7874813956524198,406,False,dgp2,dml_lasso,Quadratic + linear,DML-LASSO,0.5
-0.0682073388548223,0.3724074038235902,-0.7981258503490591,0.6617111726394145,407,False,dgp2,dml_lasso,Quadratic + linear,DML-LASSO,0.5
0.43903263116461394,0.3639571799801646,-0.2743234415965086,1.1523887039257366,408,False,dgp2,dml_lasso,Quadratic + linear,DML-LASSO,0.5
-0.05144418891894402,0.33958488661218333,-0.7170305666788233,0.6141421888409353,409,False,dgp2,dml_lasso,Quadratic + linear,DML-LASSO,0.5
0.46458530562334915,0.3923651767925912,-0.30445044089012957,1.2336210521368278,410,False,dgp2,dml_lasso,Quadratic + linear,DML-LASSO,0.5
1.1285895207695085,0.3679426034810595,0.4074220179466318,1.8497570235923853,411,False,dgp2,dml_lasso,Quadratic + linear,DML-LASSO,0.5
0.4912564032504347,0.3713933518861082,-0.2366745664463374,1.2191873729472067,412,False,dgp2,dml_lasso,Quadratic + linear,DML-LASSO,0.5
0.4596132976206239,0.40276855394512473,-0.3298130681118205,1.2490396633530683,413,False,dgp2,dml_lasso,Quadratic + linear,DML-LASSO,0.5
0.7646735549766815,0.36162558777704945,0.055887402933664676,1.4734597070196984,414,False,dgp2,dml_lasso,Quadratic + linear,DML-LASSO,0.5
0.5648924274272413,0.3425846847491454,-0.10657355468108365,1.2363584095355664,415,False,dgp2,dml_lasso,Quadratic + linear,DML-LASSO,0.5
0.4241886973196661,0.37998486629793254,-0.3205816406242817,1.1689590352636139,416,False,dgp2,dml_lasso,Quadratic + linear,DML-LASSO,0.5
0.3750377546426835,0.41012783373148975,-0.42881279947103634,1.1788883087564033,417,False,dgp2,dml_lasso,Quadratic + linear,DML-LASSO,0.5
0.519949406861217,0.3619686899468302,-0.18950922543457005,1.2294080391570041,418,False,dgp2,dml_lasso,Quadratic + linear,DML-LASSO,0.5
0.5627481303161139,0.3370417745551807,-0.09785374781204026,1.2233500084442681,419,False,dgp2,dml_lasso,Quadratic + linear,DML-LASSO,0.5
0.4584681329218484,0.3314029831505941,-0.19108171405331598,1.1080179798970127,420,False,dgp2,dml_lasso,Quadratic + linear,DML-LASSO,0.5
0.11837193198576104,0.34677208604353515,-0.5613013566595679,0.79804522063109,421,False,dgp2,dml_lasso,Quadratic + linear,DML-LASSO,0.5
0.5322204752567581,0.4065002871947261,-0.264520087644905,1.3289610381584211,422,False,dgp2,dml_lasso,Quadratic + linear,DML-LASSO,0.5
0.330582754328068,0.3647288667567812,-0.38428582451522314,1.045451333171359,423,False,dgp2,dml_lasso,Quadratic + linear,DML-LASSO,0.5
0.21477347406775038,0.3536563209178021,-0.47839291493114167,0.9079398630666424,424,False,dgp2,dml_lasso,Quadratic + linear,DML-LASSO,0.5
0.37669465431296556,0.3818077527598097,-0.37164854109626144,1.1250378497221925,425,False,dgp2,dml_lasso,Quadratic + linear,DML-LASSO,0.5
0.25056926720143025,0.3555578689264806,-0.4463241558944717,0.9474626902973322,426,False,dgp2,dml_lasso,Quadratic + linear,DML-LASSO,0.5
0.8233309691417798,0.4026573866966432,0.03412249121635924,1.6125394470672005,427,False,dgp2,dml_lasso,Quadratic + linear,DML-LASSO,0.5
0.7114585070324678,0.36692583137673873,-0.007716122465940112,1.4306331365308758,428,False,dgp2,dml_lasso,Quadratic + linear,DML-LASSO,0.5
0.6133758002631814,0.415200375148662,-0.20041693502819613,1.427168535554559,429,False,dgp2,dml_lasso,Quadratic + linear,DML-LASSO,0.5
-0.06783323902011161,0.37221469086838077,-0.797374033122138,0.6617075550819147,430,False,dgp2,dml_lasso,Quadratic + linear,DML-LASSO,0.5
0.5922508607420852,0.33714200990565557,-0.0685474786729997,1.2530492001571703,431,False,dgp2,dml_lasso,Quadratic + linear,DML-LASSO,0.5
0.6996414261791776,0.38177890246177054,-0.04864522264589266,1.4479280750042478,432,False,dgp2,dml_lasso,Quadratic + linear,DML-LASSO,0.5
0.5963069804102472,0.36922935199056334,-0.12738254949125694,1.3199965103117512,433,False,dgp2,dml_lasso,Quadratic + linear,DML-LASSO,0.5
0.3110116913777634,0.4287959231488392,-0.5294283179939614,1.1514517007494882,434,False,dgp2,dml_lasso,Quadratic + linear,DML-LASSO,0.5
0.07229661905397342,0.3769499804785665,-0.6665253426840169,0.8111185807919638,435,False,dgp2,dml_lasso,Quadratic + linear,DML-LASSO,0.5
0.5092515767405983,0.41082071940124215,-0.29595703328583634,1.314460186767033,436,False,dgp2,dml_lasso,Quadratic + linear,DML-LASSO,0.5
-0.03036992057847304,0.3628011817944097,-0.741460236895516,0.68072039573857,437,False,dgp2,dml_lasso,Quadratic + linear,DML-LASSO,0.5
0.3643915648162874,0.3706191776812906,-0.3620220234390421,1.090805153071617,438,False,dgp2,dml_lasso,Quadratic + linear,DML-LASSO,0.5
1.179968483697387,0.3756838619039735,0.4436281143655989,1.916308853029175,439,False,dgp2,dml_lasso,Quadratic + linear,DML-LASSO,0.5
0.2515836762494033,0.39304799488890185,-0.5187903937328444,1.021957746231651,440,False,dgp2,dml_lasso,Quadratic + linear,DML-LASSO,0.5
0.8110314250378236,0.3573889414627858,0.11054909977076333,1.5115137503048839,441,False,dgp2,dml_lasso,Quadratic + linear,DML-LASSO,0.5
0.5820772821984392,0.3472426623673108,-0.09851833604148985,1.2626729004383683,442,False,dgp2,dml_lasso,Quadratic + linear,DML-LASSO,0.5
0.32854059936736474,0.3668632681219136,-0.3905114061515859,1.0475926048863153,443,False,dgp2,dml_lasso,Quadratic + linear,DML-LASSO,0.5
0.44101026890905626,0.361635331787981,-0.2677949813953865,1.1498155192134991,444,False,dgp2,dml_lasso,Quadratic + linear,DML-LASSO,0.5
0.5859797651426314,0.3475389681817465,-0.09519661249359179,1.2671561427788545,445,False,dgp2,dml_lasso,Quadratic + linear,DML-LASSO,0.5
0.8844218956983495,0.5577478945216412,-0.20876397756406717,1.977607768960766,446,False,dgp2,dml_lasso,Quadratic + linear,DML-LASSO,0.5
0.8345991209052088,0.34735978213952207,0.1537739479117456,1.515424293898672,447,False,dgp2,dml_lasso,Quadratic + linear,DML-LASSO,0.5
0.5897668567349941,0.32171345506626076,-0.040791515194877004,1.2203252286648651,448,False,dgp2,dml_lasso,Quadratic + linear,DML-LASSO,0.5
0.2886176930496137,0.3593530911598228,-0.41571436562363895,0.9929497517228664,449,False,dgp2,dml_lasso,Quadratic + linear,DML-LASSO,0.5
1.005480747792914,0.38675479088615033,0.24744135765605935,1.7635201379297687,450,False,dgp2,dml_lasso,Quadratic + linear,DML-LASSO,0.5
-0.08217526389384804,0.5145069254446721,-1.0906088377654053,0.9262583099777093,451,False,dgp2,dml_lasso,Quadratic + linear,DML-LASSO,0.5
-0.08395484873882907,0.39490216221918717,-0.8579630866884359,0.6900533892107777,452,False,dgp2,dml_lasso,Quadratic + linear,DML-LASSO,0.5
0.11358798615255147,0.35790742132927456,-0.5879105596528266,0.8150865319579296,453,False,dgp2,dml_lasso,Quadratic + linear,DML-LASSO,0.5
0.6100625813295336,0.43997954709775217,-0.25229733098206064,1.4724224936411279,454,False,dgp2,dml_lasso,Quadratic + linear,DML-LASSO,0.5
0.399357467006706,0.32615557024236813,-0.23990745066833558,1.0386223846817475,455,False,dgp2,dml_lasso,Quadratic + linear,DML-LASSO,0.5
0.1744579435369555,0.4144422988294869,-0.6378489621688388,0.9867648492427499,456,False,dgp2,dml_lasso,Quadratic + linear,DML-LASSO,0.5
0.798891490344673,0.34935402451437503,0.11415760229649796,1.4836253783928481,457,False,dgp2,dml_lasso,Quadratic + linear,DML-LASSO,0.5
0.4483625756783944,0.39524524081519463,-0.3263180963193871,1.223043247676176,458,False,dgp2,dml_lasso,Quadratic + linear,DML-LASSO,0.5
0.028243412777161976,0.32511800942566227,-0.608987885697136,0.6654747112514601,459,False,dgp2,dml_lasso,Quadratic + linear,DML-LASSO,0.5
1.333481044503782,0.3727640398852483,0.6028635263286952,2.0640985626788684,460,False,dgp2,dml_lasso,Quadratic + linear,DML-LASSO,0.5
0.9219080146324499,0.40420053144426915,0.1296749730016823,1.7141410562632173,461,False,dgp2,dml_lasso,Quadratic + linear,DML-LASSO,0.5
0.8010693711506359,0.40334101152928525,0.010520988553236799,1.591617753748035,462,False,dgp2,dml_lasso,Quadratic + linear,DML-LASSO,0.5
1.0042704855794684,0.3980741863564817,0.2240450803207643,1.7844958908381725,463,False,dgp2,dml_lasso,Quadratic + linear,DML-LASSO,0.5
0.13778034478672554,0.4691074770976365,-0.7816703103246421,1.057230999898093,464,False,dgp2,dml_lasso,Quadratic + linear,DML-LASSO,0.5
0.1214582984466881,0.40232197875816916,-0.6670927799193235,0.9100093768126997,465,False,dgp2,dml_lasso,Quadratic + linear,DML-LASSO,0.5
0.3910502628955586,0.3811685061616394,-0.3560400091812546,1.1381405349723719,466,False,dgp2,dml_lasso,Quadratic + linear,DML-LASSO,0.5
0.5005869465842055,0.388861804082678,-0.2615821894178433,1.2627560825862543,467,False,dgp2,dml_lasso,Quadratic + linear,DML-LASSO,0.5
0.17848647411104074,0.4274182347540412,-0.65925326600688,1.0162262142289615,468,False,dgp2,dml_lasso,Quadratic + linear,DML-LASSO,0.5
0.5736760859977307,0.4063257844739263,-0.22272245157116488,1.3700746235666261,469,False,dgp2,dml_lasso,Quadratic + linear,DML-LASSO,0.5
0.8997681652029409,0.3853267476495113,0.14452773980989875,1.655008590595983,470,False,dgp2,dml_lasso,Quadratic + linear,DML-LASSO,0.5
1.027342500828717,0.42177094805248544,0.20067144264584547,1.8540135590115883,471,False,dgp2,dml_lasso,Quadratic + linear,DML-LASSO,0.5
0.7117468346654078,0.3582781882304474,0.009521585733730964,1.4139720835970846,472,False,dgp2,dml_lasso,Quadratic + linear,DML-LASSO,0.5
0.865032857042813,0.451224413751027,-0.019366993909199937,1.749432707994826,473,False,dgp2,dml_lasso,Quadratic + linear,DML-LASSO,0.5
0.2491539180549572,0.35081260916960866,-0.4384387959174757,0.9367466320273902,474,False,dgp2,dml_lasso,Quadratic + linear,DML-LASSO,0.5
0.9166449071261862,0.3827284743881747,0.16649709732536377,1.6667927169270085,475,False,dgp2,dml_lasso,Quadratic + linear,DML-LASSO,0.5
0.6573910401802548,0.37029563231481594,-0.06838839915678441,1.383170479517294,476,False,dgp2,dml_lasso,Quadratic + linear,DML-LASSO,0.5
0.7289459333894998,0.4608602720742627,-0.1743401998760552,1.6322320666550547,477,False,dgp2,dml_lasso,Quadratic + linear,DML-LASSO,0.5
0.13764525942931385,0.36726117615211196,-0.5821866458288256,0.8574771646874533,478,False,dgp2,dml_lasso,Quadratic + linear,DML-LASSO,0.5
0.8098012358532279,0.3390992286616038,0.14516674767648452,1.4744357240299713,479,False,dgp2,dml_lasso,Quadratic + linear,DML-LASSO,0.5
0.3111597489123134,0.42076156996442715,-0.5135329282179637,1.1358524260425906,480,False,dgp2,dml_lasso,Quadratic + linear,DML-LASSO,0.5
0.10733770488658378,0.34142891632519645,-0.5618629711108013,0.7765383808839689,481,False,dgp2,dml_lasso,Quadratic + linear,DML-LASSO,0.5
-0.213569025992415,0.412031041191359,-1.0211498667274785,0.5940118147426486,482,False,dgp2,dml_lasso,Quadratic + linear,DML-LASSO,0.5
0.3510952183782839,0.3757079441698877,-0.385292352194696,1.0874827889512637,483,False,dgp2,dml_lasso,Quadratic + linear,DML-LASSO,0.5
0.43272075567214124,0.4097967797360644,-0.3704809326105449,1.2359224439548273,484,False,dgp2,dml_lasso,Quadratic + linear,DML-LASSO,0.5
0.7477058991084052,0.34654575708656354,0.0684762152187407,1.4269355829980697,485,False,dgp2,dml_lasso,Quadratic + linear,DML-LASSO,0.5
0.8411253721011828,0.3317262524978826,0.19094191720533282,1.4913088269970327,486,False,dgp2,dml_lasso,Quadratic + linear,DML-LASSO,0.5
0.788129443977552,0.37753191711315,0.048166886435778045,1.528092001519326,487,False,dgp2,dml_lasso,Quadratic + linear,DML-LASSO,0.5
-0.23313158695585834,0.40061301045368264,-1.0183330874450762,0.5520699135333597,488,False,dgp2,dml_lasso,Quadratic + linear,DML-LASSO,0.5
0.6475918355647936,0.3547863614171219,-0.047789432812765265,1.3429731039423525,489,False,dgp2,dml_lasso,Quadratic + linear,DML-LASSO,0.5
-0.28391068574274503,0.3731883928924142,-1.0153599358118768,0.4475385643263867,490,False,dgp2,dml_lasso,Quadratic + linear,DML-LASSO,0.5
1.3751481855872543,0.43083524555896746,0.530711104291678,2.2195852668828304,491,False,dgp2,dml_lasso,Quadratic + linear,DML-LASSO,0.5
0.975449566987465,0.4768490770583521,0.04082537595309488,1.9100737580218352,492,False,dgp2,dml_lasso,Quadratic + linear,DML-LASSO,0.5
0.06257249417197698,0.432920609525002,-0.7859519004970269,0.9110968888409808,493,False,dgp2,dml_lasso,Quadratic + linear,DML-LASSO,0.5
0.36436171203262646,0.35047281363770444,-0.3225650026972742,1.051288426762527,494,False,dgp2,dml_lasso,Quadratic + linear,DML-LASSO,0.5
0.5234789422742121,0.32939403938585293,-0.12213337492205967,1.1690912594704839,495,False,dgp2,dml_lasso,Quadratic + linear,DML-LASSO,0.5
1.0697502339051803,0.39390835305638006,0.2976898619146754,1.8418106058956853,496,False,dgp2,dml_lasso,Quadratic + linear,DML-LASSO,0.5
0.9901660767816219,0.43594795411749976,0.1357080867113224,1.8446240668519214,497,False,dgp2,dml_lasso,Quadratic + linear,DML-LASSO,0.5
0.2477263908859506,0.3344559520861178,-0.4078072752028402,0.9032600569747414,498,False,dgp2,dml_lasso,Quadratic + linear,DML-LASSO,0.5
0.5839758601027237,0.37687307954699695,-0.1546953758093903,1.3226470960148378,499,False,dgp2,dml_lasso,Quadratic + linear,DML-LASSO,0.5
